{"cameraMode":{"drawMode":0,"name":"Shaded","section":"Shading Mode"},"sceneLighting":false,"audioPlay":false,"sceneViewState":{"showFog":true,"showMaterialUpdate":false,"showSkybox":true,"showFlares":true,"showImageEffects":true,"showParticleSystems":true},"in2DMode":false,"pivot":{"x":215.9539794921875,"y":161.18167114257813,"z":-0.2242107391357422},"rotation":{"x":-0.1985493302345276,"y":0.3021506071090698,"z":-0.06449845433235169,"w":-0.9301199316978455},"size":2.8578836917877199,"orthographic":false}